AdminID,Name,Course_Name,Password
49840,Edwin Greco,PHYS2212,password
43985,Monica Sweat,CS4400,Gfks33
23098,Chris Simpkins,CS2316,EFES732
45063,Bill Leahy,CS2110,1234567
49834,Kantwon Rogers,CS1371,serenawilliams
29394,Tom Morley,MATH2551,password
00001,George Nemhauser,ISYE3833,money32
39592,Hayriye Ayhan,ISYE2027,whatever
31202,Bill Todd,MGT3150,letmein
39583,George P. Burdell,GER1001,testing123
23843,Seong-Hee Kim,ISYE3232,Tl1go233
30203,Nicoleta Serban,ISYE2028,qwerty
34955,Gunter Sharp,ISYE3025,slayer4141
29492,Alisha Waller,ISYE2028,484_di
45402,Enlu Zhou,ISYE3044,347IGFs
23044,Christos Alexopoulos,ISYE3044,666666
34094,David Goldsman,ISYE3044,iloveyou
50932,Natashia Boland,ISYE3833,ffg73_g
93499,Klara Grodzinsky,MATH1551,skippy1
54043,Michael Loss,MATH2603,348TGD
23042,Jay Summet,CS1301,GKU0_3
33333,Marty Fink,ENGL1102,23_rfku
55928,Christina Valle,COE2001,293EFSFG
41034,Eric Murray,PHYS2211,8rgkOVVS
52393,Meg Grantham,EAS2600,123rLKf
